"Name","DNSHostName","OperatingSystem","OperatingSystemServicePack","OperatingSystemVersion","IPv4Address","Lastlogondate"
"HIEXDXBDC1","HIEXDXBDC1.hiexsp.ae","Windows Server 2008 R2 Standard","Service Pack 1","6.1 (7601)","10.10.10.14","27/12/2022 7:55:24 AM"
"HIEXAPDC1","HIEXAPDC1.hiexsp.ae","Windows Server 2008 R2 Standard","Service Pack 1","6.1 (7601)","10.10.30.14","27/12/2022 11:49:08 AM"
"HIEXSPDC2","HIEXSPDC2.hiexsp.ae","Windows Server 2012 R2 Standard",,"6.3 (9600)","10.10.10.20","28/12/2022 3:41:14 AM"
"CSO-23BF6367CDA","cso-23bf6367cda.hiexsp.ae","Windows XP Professional","Service Pack 3","5.1 (2600)",,
"DXBRZCZC82574CN","DXBRZCZC82574CN.hiexsp.ae","Windows XP Professional","Service Pack 3","5.1 (2600)",,
"ABJAR","Abjar.hiexsp.ae","Windows XP Professional","Service Pack 3","5.1 (2600)",,
"DT00408SM23","DT00408SM23.hiexsp.ae","Windows 7 Professional","Service Pack 1","6.1 (7601)",,
"DT00408SM22","DT00408SM22.hiexsp.ae","Windows 7 Professional","Service Pack 1","6.1 (7601)",,
"DT00408SM21","DT00408SM21.hiexsp.ae","Windows 7 Professional","Service Pack 1","6.1 (7601)",,
"DT00408BQT2","DT00408BQT2.hiexsp.ae","Windows XP Professional","Service Pack 3","5.1 (2600)",,
"DT00408BQT4","DT00408BQT4.hiexsp.ae","Windows XP Professional","Service Pack 3","5.1 (2600)",,
"DT00408BQT1","DT00408BQT1.hiexsp.ae","Windows XP Professional","Service Pack 3","5.1 (2600)",,
"ABJAR-C3B8FD3C3","abjar-c3b8fd3c3.hiexsp.ae","Windows XP Professional","Service Pack 3","5.1 (2600)",,
"ABJAR-ACE1E13A3","abjar-ace1e13a3.hiexsp.ae","Windows XP Professional","Service Pack 3","5.1 (2600)",,
"LT00408ITDEPT","LT00408ITDept.hiexsp.ae","Windows XP Professional","Service Pack 3","5.1 (2600)",,
"ADMINIST-14EA6A","administ-14ea6a.hiexsp.ae","Windows XP Professional","Service Pack 3","5.1 (2600)",,
"ADMINIST-B2D5A7","administ-b2d5a7.hiexsp.ae","Windows XP Professional","Service Pack 3","5.1 (2600)",,
"DXBRZL3X7611","DXBRZL3X7611.hiexsp.ae","Windows XP Professional","Service Pack 3","5.1 (2600)",,
"DXBRZCZC82574CP","DXBRZCZC82574CP.hiexsp.ae","Windows XP Professional","Service Pack 3","5.1 (2600)",,
"RJ-TRNMGR","RJ-TRNMGR.hiexsp.ae","Windows 7 Professional","Service Pack 1","6.1 (7601)",,
"ABJAR-E15FB509D","abjar-e15fb509d.hiexsp.ae","Windows XP Professional","Service Pack 3","5.1 (2600)",,
"ABJAR-63A25DB91","abjar-63a25db91.hiexsp.ae","Windows XP Professional","Service Pack 3","5.1 (2600)",,
"DXBRZCZC7203HNM","DXBRZCZC7203HNM.hiexsp.ae","Windows XP Professional","Service Pack 3","5.1 (2600)",,
"DELPHI","DELPHI.hiexsp.ae","Windows 7 Professional",,"6.1 (7600)",,
"DELPHI4-PC","DELPHI4-PC.hiexsp.ae","Windows 7 Professional",,"6.1 (7600)",,
"AHI-TRAINING-PC","AHI-Training-PC.hiexsp.ae","Windows 7 Professional",,"6.1 (7600)",,
"HIEX-XENAPP1","HIEX-XENAPP1.hiexsp.ae","Windows Server 2008 R2 Standard","Service Pack 1","6.1 (7601)",,"18/10/2022 3:54:17 PM"
"HOLIDAY-73E1DFD","holiday-73e1dfd.hiexsp.ae","Windows XP Professional","Service Pack 3","5.1 (2600)",,
"HEJMDXBRES","HEJMDXBRES.hiexsp.ae","Windows XP Professional","Service Pack 3","5.1 (2600)",,
"CSO-B0BA67DF381","cso-b0ba67df381.hiexsp.ae","Windows XP Professional","Service Pack 3","5.1 (2600)",,
"TRAINNIG-HP","Trainnig-HP.hiexsp.ae","Windows 7 Professional",,"6.1 (7600)",,
"DXBRZCZC8365J37","DXBRZCZC8365J37.hiexsp.ae","Windows XP Professional","Service Pack 3","5.1 (2600)",,
"HIEXIC-FO-RES1","HIEXIC-FO-RES1.hiexsp.ae","Windows XP Professional","Service Pack 3","5.1 (2600)",,"24/05/2014 1:43:59 PM"
"HIEXIC-FB-EBC","HIEXIC-FB-EBC.hiexsp.ae","Windows XP Professional","Service Pack 3","5.1 (2600)",,"23/05/2014 7:56:52 AM"
"AHNED","ahned.hiexsp.ae","Windows XP Professional","Service Pack 3","5.1 (2600)",,
"HIEXIC-FO-FOM","HIEXIC-FO-FOM.hiexsp.ae","Windows XP Professional","Service Pack 3","5.1 (2600)",,"20/06/2014 12:51:59 AM"
"RESERVATION4","Reservation4.hiexsp.ae","Windows XP Professional","Service Pack 3","5.1 (2600)",,
"DELPHI2-PC","Delphi2-PC.hiexsp.ae","Windows 7 Professional",,"6.1 (7600)",,
"HEJMDXBBO","HEJMDXBBO.hiexsp.ae","Windows XP Professional","Service Pack 3","5.1 (2600)",,"06/06/2014 3:17:56 PM"
"HIEXIC-FB-SS","HIEXIC-FB-SS.hiexsp.ae","Windows XP Professional","Service Pack 3","5.1 (2600)",,"19/06/2014 2:21:30 PM"
"HIEXJMRES","HIEXJMRES.hiexsp.ae","Windows XP Professional","Service Pack 3","5.1 (2600)",,"03/06/2014 3:35:54 PM"
"HEJMDXBGRO","hejmdxbgro.hiexsp.ae","Windows XP Professional","Service Pack 3","5.1 (2600)",,
"RJ-BANQUET","RJ-BANQUET.hiexsp.ae","Windows 7 Professional",,"6.1 (7600)",,
"RJ-BC2","RJ-BC2.hiexsp.ae","Windows 7 Professional",,"6.1 (7600)",,
"RJ-NETWORK","RJ-NETWORK.hiexsp.ae","Windows 7 Professional","Service Pack 1","6.1 (7601)",,
"SHAAN","SHAAN.hiexsp.ae","Windows 7 Professional",,"6.1 (7600)",,
"RJ-HEALTHCLUB","RJ-HEALTHCLUB.hiexsp.ae","Windows 7 Professional",,"6.1 (7600)",,
"RJ-NIGHTAUDITOR","RJ-NIGHTAUDITOR.hiexsp.ae","Windows 7 Professional","Service Pack 1","6.1 (7601)",,
"RJHTRAINING3","RJHTRAINING3.hiexsp.ae","Windows 7 Professional","Service Pack 1","6.1 (7601)",,
"RJ-BCTR2","RJ-BCTR2.hiexsp.ae","Windows 7 Professional",,"6.1 (7600)",,
"ZIAD-HP","ZIAD-HP.hiexsp.ae","Windows 7 Professional","Service Pack 1","6.1 (7601)",,"06/04/2015 2:32:39 PM"
"HEJMDXBHM","HEJMDXBHM.hiexsp.ae","Windows XP Professional","Service Pack 3","5.1 (2600)",,
"AMJAD","amjad.hiexsp.ae","Windows XP Professional","Service Pack 3","5.1 (2600)",,
"HAMMAD-HP","HAMMAD-HP.hiexsp.ae","Windows 7 Professional","Service Pack 1","6.1 (7601)",,
"IT-HP","IT-HP.hiexsp.ae","Windows 7 Professional","Service Pack 1","6.1 (7601)",,"15/06/2014 10:46:03 AM"
"HESPDXBFOMANGR","HESPDXBFOMANGR.hiexsp.ae","Windows XP Professional","Service Pack 2","5.1 (2600)",,"11/06/2014 11:24:43 AM"
"HESPDXBRESERV","HESPDXBRESERV.hiexsp.ae","Windows XP Professional","Service Pack 3","5.1 (2600)",,"03/06/2014 10:01:50 AM"
"HESPDXBCHEF01","HESPDXBCHEF01.hiexsp.ae","Windows XP Professional","Service Pack 3","5.1 (2600)",,"21/05/2014 11:41:46 AM"
"HESPDXBFANDB","HESPDXBFANDB.hiexsp.ae","Windows XP Professional","Service Pack 3","5.1 (2600)",,"28/05/2014 5:25:54 PM"
"DIC-LPIT02","DIC-LPIT02.hiexsp.ae","Windows 10 Pro",,"10.0 (19041)",,"08/06/2020 9:39:06 AM"
"HP16313080532","HP16313080532.hiexsp.ae","Windows XP Professional","Service Pack 3","5.1 (2600)",,"15/10/2014 4:49:36 PM"
"ADOSM-AHIASO","ADOSM-AHIASO.hiexsp.ae","Windows 7 Professional","Service Pack 1","6.1 (7601)",,"14/06/2014 1:40:15 PM"
"HEDXBSCNBBT2J","HEDXBSCNBBT2J.hiexsp.ae","Windows XP Professional","Service Pack 3","5.1 (2600)",,"05/11/2015 12:23:28 PM"
"DIC-LPHOTMGR01","DIC-LPHOTMGR01.hiexsp.ae","Windows 7 Professional","Service Pack 1","6.1 (7601)",,"28/07/2020 4:55:59 PM"
"DOSM","DOSM.hiexsp.ae","Windows 7 Professional","Service Pack 1","6.1 (7601)",,"06/03/2017 3:03:03 PM"
"DIC-WSCHIACC01","DIC-WSCHIACC01.hiexsp.ae","Windows 7 Professional","Service Pack 1","6.1 (7601)",,"07/12/2019 12:08:44 PM"
"DIC-WSINCAUD02","DIC-WSINCAUD02.hiexsp.ae","Windows 7 Professional","Service Pack 1","6.1 (7601)",,"19/12/2022 5:23:59 PM"
"DIC-WSRECCLK03","DIC-WSRECCLK03.hiexsp.ae","Windows 7 Professional","Service Pack 1","6.1 (7601)",,"26/11/2019 8:20:04 AM"
"DIC-WSDUTMGR02","DIC-WSDUTMGR02.hiexsp.ae","Windows 7 Professional","Service Pack 1","6.1 (7601)",,"06/09/2020 11:13:27 PM"
"DIC-WSFROMGR01","DIC-WSFROMGR01.hiexsp.ae","Windows 7 Professional","Service Pack 1","6.1 (7601)",,"05/08/2020 11:23:37 AM"
"DIC-WSRECEPT06","DIC-WSRECEPT06.hiexsp.ae","Windows 10 Pro",,"10.0 (19043)","10.10.1.117","19/12/2022 4:01:05 PM"
"DIC-WSRECEPT07","DIC-WSRECEPT07.hiexsp.ae","Windows 7 Professional","Service Pack 1","6.1 (7601)",,"22/07/2020 9:21:05 PM"
"DIC-WSRESAGT04","DIC-WSRESAGT04.hiexsp.ae","Windows 7 Professional","Service Pack 1","6.1 (7601)",,"26/06/2015 4:49:15 PM"
"DIC-WSRESSUP03","DIC-WSRESSUP03.hiexsp.ae","Windows 7 Professional","Service Pack 1","6.1 (7601)",,"01/12/2019 3:32:36 PM"
"DIC-WSHKPMGR01","DIC-WSHKPMGR01.hiexsp.ae","Windows 7 Professional","Service Pack 1","6.1 (7601)",,"02/12/2019 8:18:45 PM"
"DIC-WSENGSUP02","DIC-WSENGSUP02.hiexsp.ae","Windows 7 Professional","Service Pack 1","6.1 (7601)",,"28/11/2019 9:53:20 AM"
"DIC-WSHRCOOR01","DIC-WSHRCOOR01.hiexsp.ae","Windows 7 Professional","Service Pack 1","6.1 (7601)",,"08/06/2020 10:08:41 AM"
"MEHZAD-PC","MEHZAD-PC.hiexsp.ae","Windows 7 Professional","Service Pack 1","6.1 (7601)",,"05/06/2014 2:43:49 PM"
"RIJU-HP","RIJU-HP.hiexsp.ae","Windows 7 Professional","Service Pack 1","6.1 (7601)",,"25/09/2017 9:40:14 AM"
"HIEX-8A9BC8A80C","hiex-8a9bc8a80c.hiexsp.ae","Windows XP Professional","Service Pack 3","5.1 (2600)",,"09/07/2014 11:55:09 AM"
"HIEX-SALES-HP","HIEX-SALES-HP.hiexsp.ae","Windows 7 Professional","Service Pack 1","6.1 (7601)",,"08/01/2015 3:57:14 PM"
"HIEXIC-KT-HC","HIEXIC-KT-HC.hiexsp.ae","Windows XP Professional","Service Pack 3","5.1 (2600)",,"14/06/2014 3:32:29 PM"
"RJ-LEISURE","RJ-LEISURE.hiexsp.ae","Windows 7 Professional",,"6.1 (7600)",,"19/11/2014 3:07:48 PM"
"RHD-SM3","RHD-SM3.hiexsp.ae","Windows XP Professional","Service Pack 3","5.1 (2600)",,"07/07/2014 8:12:48 AM"
"KARLABARBARA","KarlaBarbara.hiexsp.ae","Windows XP Professional","Service Pack 3","5.1 (2600)",,"25/05/2014 8:54:03 AM"
"W-AP-HIE-KIT","W-AP-HIE-KIT.hiexsp.ae","Windows XP Professional","Service Pack 3","5.1 (2600)",,"03/06/2014 8:00:54 PM"
"FNBAIRPORT","fnbairport.hiexsp.ae","Windows XP Professional","Service Pack 3","5.1 (2600)",,"08/06/2014 4:33:40 PM"
"JUM-LPIT01","JUM-LPIT01.hiexsp.ae","Windows 10 Pro",,"10.0 (19044)",,"28/07/2022 12:26:10 PM"
"JUM-WSACCAR03","JUM-WSACCAR03.hiexsp.ae","Windows 7 Professional","Service Pack 1","6.1 (7601)",,"23/11/2019 9:52:49 AM"
"JUM-WSACCCA01","JUM-WSACCCA01.hiexsp.ae","Windows 10 Pro",,"10.0 (19043)",,"19/03/2022 9:05:25 PM"
"JUM-WSACCAP05","JUM-WSACCAP05.hiexsp.ae","Windows 7 Professional","Service Pack 1","6.1 (7601)",,"22/11/2019 2:41:00 PM"
"DIC-WSREMOTE01","DIC-WSREMOTE01.hiexsp.ae","Windows 10 Pro",,"10.0 (19042)",,"11/05/2021 3:58:41 PM"
"JUM-WSENGSPR02","JUM-WSENGSPR02.hiexsp.ae","Windows 7 Professional","Service Pack 1","6.1 (7601)",,"10/11/2019 4:24:34 PM"
"JUM-WSFOCID07",,,,,,
"JUM-WSFOMGR04","JUM-WSFOMGR04.hiexsp.ae","Windows 7 Professional","Service Pack 1","6.1 (7601)",,"22/12/2019 4:38:29 PM"
"JUM-WSFONA06","JUM-WSFONA06.hiexsp.ae","Windows 7 Professional","Service Pack 1","6.1 (7601)",,"22/12/2019 6:14:14 AM"
"JUM-WSFOOPR08","JUM-WSFOOPR08.hiexsp.ae","Windows 7 Professional","Service Pack 1","6.1 (7601)",,"22/12/2022 3:14:08 PM"
"JUM-WSFORCP01","JUM-WSFORCP01.hiexsp.ae","Windows 10 Pro",,"10.0 (19044)","10.10.20.170","29/12/2022 12:55:01 AM"
"JUM-WSFORCP02","JUM-WSFORCP02.hiexsp.ae","Windows 10 Pro",,"10.0 (19044)","10.10.20.105","22/12/2022 5:19:57 PM"
"JUM-WSFORCP03","JUM-WSFORCP03.hiexsp.ae","Windows 10 Pro",,"10.0 (19043)",,"12/01/2022 8:59:04 AM"
"JUM-WSFORES05","JUM-WSFORES05.hiexsp.ae","Windows 7 Professional","Service Pack 1","6.1 (7601)",,"21/12/2019 8:50:35 AM"
"JUM-WSHKCDR02","JUM-WSHKCDR02.hiexsp.ae","Windows 7 Professional","Service Pack 1","6.1 (7601)",,"20/11/2019 12:32:21 AM"
"JUM-WSHKMGR01","JUM-WSHKMGR01.hiexsp.ae","Windows 10 Pro",,"10.0 (19045)","10.10.20.114","22/12/2022 9:34:32 AM"
"JUM-WSHRCDR01","JUM-WSHRCDR01.hiexsp.ae","Windows 10 Pro",,"10.0 (19043)",,"12/03/2022 3:43:26 AM"
"JUM-WSREMOTE01","JUM-WSREMOTE01.hiexsp.ae","Windows 10 Pro",,"10.0 (19045)","10.10.20.179","19/12/2022 1:05:51 PM"
"JUM-WSKTCHEF01","JUM-WSKTCHEF01.hiexsp.ae","Windows 10 Pro",,"10.0 (19041)","10.10.20.103","28/12/2022 5:14:52 AM"
"FOM","fom.hiexsp.ae","Windows XP Professional","Service Pack 3","5.1 (2600)",,"15/06/2014 4:09:48 AM"
"SA-LPHTLMGR01","SA-LPHTLMGR01.hiexsp.ae","Windows 7 Professional","Service Pack 1","6.1 (7601)",,"02/05/2019 7:16:42 AM"
"SA-LPCHFENG01","SA-LPCHFENG01.hiexsp.ae","Windows 7 Professional",,"6.1 (7600)",,"10/09/2014 10:54:28 AM"
"SA-WSENGSUP02","SA-WSENGSUP02.hiexsp.ae","Windows 7 Professional","Service Pack 1","6.1 (7601)",,"24/01/2020 6:50:27 AM"
"SA-WSFORECP02","SA-WSFORECP02.hiexsp.ae","Windows 7 Professional","Service Pack 1","6.1 (7601)",,"20/12/2021 12:37:50 PM"
"SA-WSFORECP03","SA-WSFORECP03.hiexsp.ae","Windows 7 Professional","Service Pack 1","6.1 (7601)",,"23/12/2021 10:20:07 PM"
"SA-WSFORECP04","SA-WSFORECP04.hiexsp.ae","Windows 10 Pro",,"10.0 (19043)",,"30/12/2021 11:41:28 AM"
"SA-WSFORESR05","SA-WSFORESR05.hiexsp.ae","Windows 10 Pro",,"10.0 (19043)",,"10/10/2022 6:44:28 AM"
"SA-WSFONAUD06","SA-WSFONAUD06.hiexsp.ae","Windows 10 Pro",,"10.0 (19044)","10.10.10.246","29/12/2022 3:32:24 AM"
"SA-WSFOCID007","SA-WSFOCID007.hiexsp.ae","Windows 7 Professional","Service Pack 1","6.1 (7601)",,"01/02/2017 11:37:15 AM"
"SA-WSFOOPER08","SA-WSFOOPER08.hiexsp.ae","Windows 10 Pro",,"10.0 (18363)",,"20/07/2020 5:45:21 AM"
"DELPHIDB","DELPHIDB.hiexsp.ae","Windows Server 2008 R2 Standard","Service Pack 3","6.1 (7601)",,"28/06/2019 5:49:18 PM"
"DELPHIAP","DELPHIAP.hiexsp.ae","Windows Server 2008 R2 Standard","Service Pack 1","6.1 (7601)",,"30/03/2019 1:44:25 PM"
"DIC-WSFBSSUP01","DIC-WSFBSSUP01.hiexsp.ae","Windows 10 Pro",,"10.0 (19044)",,"26/04/2022 5:35:20 PM"
"DIC-WSBNQCOO02","DIC-WSBNQCOO02.hiexsp.ae","Windows 7 Professional","Service Pack 1","6.1 (7601)",,"02/12/2019 8:38:36 PM"
"DIC-WSOPERAT08","DIC-WSOPERAT08.hiexsp.ae","Windows 10 Pro",,"10.0 (19044)",,"19/04/2022 1:13:43 AM"
"DIC-WSKITCHN01","DIC-WSKITCHN01.hiexsp.ae","Windows 7 Professional","Service Pack 1","6.1 (7601)",,"29/03/2021 5:12:10 PM"
"SA-WSACCHFA01","SA-WSACCHFA01.hiexsp.ae","Windows 7 Professional","Service Pack 1","6.1 (7601)","10.10.10.152","28/12/2022 9:11:34 AM"
"SA-WSACINCA02","SA-WSACINCA02.hiexsp.ae","Windows 7 Professional","Service Pack 1","6.1 (7601)",,"19/12/2022 5:01:18 PM"
"SA-WSACACCP03","SA-WSACACCP03.hiexsp.ae","Windows 7 Professional","Service Pack 1","6.1 (7601)",,"17/09/2022 7:45:45 PM"
"SA-WSACACCR04","SA-WSACACCR04.hiexsp.ae","Windows 7 Professional","Service Pack 1","6.1 (7601)","10.10.10.88","20/12/2022 8:12:10 AM"
"SA-WSACPURC05","SA-WSACPURC05.hiexsp.ae","Windows 7 Professional","Service Pack 1","6.1 (7601)","10.10.10.111","21/12/2022 10:22:13 AM"
"SA-WSHKMNGR01","SA-WSHKMNGR01.hiexsp.ae","Windows 10 Pro",,"10.0 (19045)","10.10.10.191","29/12/2022 7:55:56 AM"
"SA-WSHKSUPR02","SA-WSHKSUPR02.hiexsp.ae","Windows 10 Pro",,"10.0 (19045)","10.10.10.63","28/12/2022 10:17:22 AM"
"SA-WSHRCORD01","SA-WSHRCORD01.hiexsp.ae","Windows 7 Professional","Service Pack 1","6.1 (7601)",,"15/09/2019 11:34:18 AM"
"SA-WSKIHCHF01","SA-WSKIHCHF01.hiexsp.ae","Windows 7 Professional","Service Pack 1","6.1 (7601)",,"30/09/2022 3:53:44 AM"
"SSC-LPCIT01","SSC-LPCIT01.hiexsp.ae","Windows 7 Professional","Service Pack 1","6.1 (7601)",,"09/04/2015 4:30:12 PM"
"HIEXDICDC01","HIEXDICDC01.hiexsp.ae","Windows Server 2008 R2 Standard","Service Pack 1","6.1 (7601)","10.10.1.17","27/12/2022 7:55:45 AM"
"AP-WSCHIENG01","AP-WSCHIENG01.hiexsp.ae","Windows 10 Pro",,"10.0 (19042)",,"10/10/2022 8:54:22 AM"
"HIEXJUMDC01","HIEXJUMDC01.hiexsp.ae","Windows Server 2008 R2 Standard","Service Pack 1","6.1 (7601)","10.10.20.13","29/12/2022 9:54:25 AM"
"AP-WSCHIACC01","AP-WSCHIACC01.hiexsp.ae","Windows 7 Professional","Service Pack 1","6.1 (7601)",,"02/08/2020 5:45:47 AM"
"AP-WSFOMGR01","AP-WSFOMGR01.hiexsp.ae","Windows 7 Professional","Service Pack 1","6.1 (7601)",,"10/02/2017 1:13:46 AM"
"AP-WSACCREC01","AP-WSACCREC01.hiexsp.ae","Windows 7 Professional","Service Pack 1","6.1 (7601)",,"20/11/2019 11:18:12 AM"
"AP-WSRECEPT02","AP-WSRECEPT02.hiexsp.ae","Windows 7 Professional","Service Pack 1","6.1 (7601)",,"01/12/2016 7:14:49 PM"
"LP-JMHM01","LP-JMHM01.hiexsp.ae","Windows 7 Professional","Service Pack 1","6.1 (7601)",,"28/05/2014 3:57:57 PM"
"SSC-LPSALES06","SSC-LPSALES06.hiexsp.ae","Windows 7 Professional","Service Pack 1","6.1 (7601)",,"01/09/2016 10:36:48 AM"
"SSC-LPSALES04","SSC-LPSALES04.hiexsp.ae","Windows 7 Professional","Service Pack 1","6.1 (7601)",,"12/08/2021 3:06:23 AM"
"SSC-LPSALES02","SSC-LPSALES02.hiexsp.ae","Windows 7 Professional","Service Pack 1","6.1 (7601)",,"24/08/2022 3:37:36 PM"
"HIEX-501850CEC0",,"Windows XP Professional","Service Pack 2","5.1 (2600)",,"26/04/2014 2:45:02 PM"
"HIEX-5DAAAC6A0C","hiex-5daaac6a0c.hiexsp.ae","Windows XP Professional","Service Pack 3","5.1 (2600)",,"07/05/2014 2:10:48 PM"
"SSC-WSSALES01",,,,,,
"SSC-LPSALES08","SSC-LPSALES08.hiexsp.ae","Windows 7 Professional",,"6.1 (7600)",,"24/03/2016 9:18:14 AM"
"JUM-LPFNB01",,,,,,
"SSC-LPCLHR01","SSC-LPCLHR01.hiexsp.ae","Windows 7 Professional","Service Pack 1","6.1 (7601)",,"02/11/2019 11:51:01 AM"
"DXBSPSVRKEY01","DXBSPSVRKEY01.hiexsp.ae","Windows 7 Professional","Service Pack 1","6.1 (7601)",,"21/12/2019 3:34:10 PM"
"SSC-WSCLHRAD01","SSC-WSCLHRAD01.hiexsp.ae","Windows 7 Professional","Service Pack 1","6.1 (7601)","10.10.10.148","19/12/2022 9:19:49 AM"
"SSC-LPCLAHRM01","SSC-LPCLAHRM01.hiexsp.ae","Windows 7 Professional","Service Pack 1","6.1 (7601)",,"10/09/2020 10:22:05 AM"
"SSC-LPSALES10","SSC-LPSALES10.hiexsp.ae","Windows 7 Professional","Service Pack 1","6.1 (7601)",,"17/08/2021 11:22:33 AM"
"SSC-LPEXSEC01","SSC-LPEXSEC01.hiexsp.ae","Windows 7 Professional","Service Pack 1","6.1 (7601)",,"05/01/2020 9:21:44 AM"
"SSC-LPCLITM01","SSC-LPCLITM01.hiexsp.ae","Windows 7 Professional","Service Pack 1","6.1 (7601)",,"05/01/2020 9:58:24 AM"
"JUM-WSVNGCRD01","JUM-WSVNGCRD01.hiexsp.ae","Windows 7 Professional","Service Pack 1","6.1 (7601)",,"30/11/2019 9:52:34 PM"
"SSC-LPSALES11","SSC-LPSALES11.hiexsp.ae","Windows 10 Pro",,"10.0 (19041)",,"27/05/2021 3:06:01 PM"
"MCAFEE","MCAFEE.hiexsp.ae","Windows Server 2008 R2 Standard","Service Pack 1","6.1 (7601)",,"05/02/2020 1:47:23 AM"
"SA-WSFNBSUP01","SA-WSFNBSUP01.hiexsp.ae","Windows 10 Pro",,"10.0 (19045)","10.10.10.96","21/12/2022 4:56:55 AM"
"SSC-WSSALES02","SSC-WSSALES02.hiexsp.ae","Windows XP Professional","Service Pack 3","5.1 (2600)",,"09/09/2014 9:58:17 AM"
"SA-WSHKCORD01","SA-WSHKCORD01.hiexsp.ae","Windows 7 Professional",,"6.1 (7600)",,"07/06/2014 10:58:34 AM"
"SSC-LPCRDTMGR01","SSC-LPCRDTMGR01.hiexsp.ae","Windows 7 Professional","Service Pack 1","6.1 (7601)",,"27/01/2021 9:04:44 AM"
"SSC-LPASTFINC01","SSC-LPASTFINC01.hiexsp.ae","Windows 7 Professional","Service Pack 1","6.1 (7601)",,"08/09/2020 9:57:41 AM"
"SA-WSTMSPC01",,,,,,
"DIC-ESCHIACC01","DIC-ESCHIACC01.hiexsp.ae","Windows 7 Professional","Service Pack 1","6.1 (7601)",,"16/06/2014 8:10:42 PM"
"JUM-WSIFC01","JUM-WSIFC01.hiexsp.ae","Windows 7 Professional","Service Pack 1","6.1 (7601)",,"28/11/2019 2:25:01 PM"
"SSC-LPTRNMGR01","SSC-LPTRNMGR01.hiexsp.ae","Windows 7 Professional","Service Pack 1","6.1 (7601)",,"16/06/2021 7:04:17 AM"
"SSC-WSSALES03","SSC-WSSALES03.hiexsp.ae","Windows 7 Professional","Service Pack 1","6.1 (7601)",,"08/09/2021 4:19:07 PM"
"SA-WSIFC01","SA-WSIFC01.hiexsp.ae","Windows 7 Professional","Service Pack 1","6.1 (7601)",,"05/12/2019 9:38:38 PM"
"SCC-WSPROPC01","SCC-WSPROPC01.hiexsp.ae","Windows 7 Professional","Service Pack 1","6.1 (7601)",,"27/01/2022 11:24:05 AM"
"SSC-LPSALES12","SSC-LPSALES12.hiexsp.ae","Windows 7 Professional","Service Pack 1","6.1 (7601)",,"30/03/2016 7:45:10 AM"
"DIC-WSIFC01","DIC-WSIFC01.hiexsp.ae","Windows 7 Professional","Service Pack 1","6.1 (7601)",,"27/11/2019 3:28:28 PM"
"DIC-WSVNGCARD01","DIC-WSVNGCARD01.hiexsp.ae","Windows 7 Professional","Service Pack 1","6.1 (7601)",,"26/11/2019 3:25:42 AM"
"DIC-WSRECEPT05","DIC-WSRECEPT05.hiexsp.ae","Windows 7 Professional","Service Pack 1","6.1 (7601)",,"29/11/2020 6:34:30 AM"
"SSC-LPSALES13","SSC-LPSALES13.hiexsp.ae","Windows 7 Professional","Service Pack 1","6.1 (7601)",,"29/05/2016 12:13:44 PM"
"AP-WSCIDOPR01","AP-WSCIDOPR01.hiexsp.ae","Windows 7 Professional","Service Pack 1","6.1 (7601)",,"12/08/2014 12:37:10 PM"
"DIC-WSITOFFICE","DIC-WSITOFFICE.hiexsp.ae","Windows 7 Professional","Service Pack 1","6.1 (7601)",,"21/10/2019 12:49:04 PM"
"SSC-WSISHREC01","SSC-WSISHREC01.hiexsp.ae","Windows 7 Professional","Service Pack 1","6.1 (7601)",,"11/10/2020 7:57:44 AM"
"SSC-WSSALES04","SSC-WSSALES04.hiexsp.ae","Windows 7 Professional",,"6.1 (7600)",,"30/03/2016 3:34:39 PM"
"SSC-LPSALES14","SSC-LPSALES14.hiexsp.ae","Windows 7 Professional","Service Pack 1","6.1 (7601)",,"14/07/2016 8:44:54 AM"
"SA-SERPPSCAN","SA-SERPPSCAN.hiexsp.ae","Windows 7 Professional","Service Pack 1","6.1 (7601)",,"28/12/2022 8:28:00 AM"
"SA-WSCHFENG01","SA-WSCHFENG01.hiexsp.ae","Windows 10 Pro",,"10.0 (19045)","10.10.10.240","25/12/2022 10:29:51 AM"
"DATAGUARDSVR","DATAGUARDSVR.hiexsp.ae","Windows Server 2008 R2 Standard","Service Pack 1","6.1 (7601)",,"11/09/2020 1:38:01 AM"
"JUM-SERPPSCAN","JUM-SERPPSCAN.hiexsp.ae","Windows 10 Pro",,"10.0 (19045)","10.10.20.163","21/12/2022 3:32:38 AM"
"SA-WSFOCID009",,,,,,
"FOFFICE-CID","foffice-cid.hiexsp.ae","Windows XP Professional","Service Pack 3","5.1 (2600)",,"28/08/2014 1:00:23 PM"
"SA-LPITTEST","SA-LPITTEST.hiexsp.ae","Windows 7 Professional","Service Pack 1","6.1 (7601)",,"11/10/2014 3:47:06 PM"
"SSC-LPCOST","SSC-LPCOST.hiexsp.ae","Windows 7 Professional","Service Pack 1","6.1 (7601)",,"23/10/2021 2:09:44 PM"
"AP-WSDATABKUP","AP-WSDATABKUP.hiexsp.ae","Windows 7 Professional","Service Pack 1","6.1 (7601)",,"15/03/2015 3:43:39 PM"
"AP-LAPITADM002","AP-LAPITADM002.hiexsp.ae","Windows 7 Professional","Service Pack 1","6.1 (7601)",,"17/01/2018 8:09:20 AM"
"SSC-LPSALES15","SSC-LPSALES15.hiexsp.ae","Windows 7 Professional","Service Pack 1","6.1 (7601)",,"09/01/2020 6:39:40 PM"
"AP-WSRECEPT05","AP-WSRECEPT05.hiexsp.ae","Windows 7 Professional","Service Pack 1","6.1 (7601)",,"24/11/2019 5:33:29 AM"
"HIEXDXB-FMC","HIEXDXB-FMC.hiexsp.ae","Windows Server 2008 R2 Standard","Service Pack 1","6.1 (7601)","10.10.10.35","25/12/2022 7:47:31 PM"
"SSC-WSSALES05","SSC-WSSALES05.hiexsp.ae","Windows 7 Professional",,"6.1 (7600)",,"23/03/2016 8:51:59 AM"
"AP-LAPAITMGR01","AP-LAPAITMGR01.hiexsp.ae","Windows 10 Pro",,"10.0 (19042)",,"14/11/2021 2:38:17 PM"
"SSC-WSSALES06","SSC-WSSALES06.hiexsp.ae","Windows 7 Professional",,"6.1 (7600)",,"05/06/2016 5:45:10 PM"
"SSC-LPSALES03","SSC-LPSALES03.hiexsp.ae","Windows 7 Professional","Service Pack 1","6.1 (7601)",,"11/01/2021 8:51:06 AM"
"SSC-LPSALES05","SSC-LPSALES05.hiexsp.ae","Windows 10 Pro",,"10.0 (19043)",,"03/10/2022 9:04:02 AM"
"DIC-WSACCPAY05","DIC-WSACCPAY05.hiexsp.ae","Windows 7 Professional","Service Pack 1","6.1 (7601)",,"27/09/2020 6:21:08 AM"
"LOCALADMIN-PC","LOCALADMIN-PC.hiexsp.ae","Windows 7 Professional",,"6.1 (7600)",,"21/01/2015 10:02:18 AM"
"SSC-LPSALES16","SSC-LPSALES16.hiexsp.ae","Windows 7 Professional","Service Pack 1","6.1 (7601)",,"09/09/2018 8:36:22 AM"
"SSC-LPSALES09","SSC-LPSALES09.hiexsp.ae","Windows 7 Professional","Service Pack 1","6.1 (7601)",,"05/07/2022 8:46:08 AM"
"SA-WSREMOTE01","SA-WSREMOTE01.hiexsp.ae","Windows 7 Professional","Service Pack 1","6.1 (7601)",,"11/01/2020 6:34:50 AM"
"JUM-WSACCRC04","JUM-WSACCRC04.hiexsp.ae","Windows 7 Professional","Service Pack 1","6.1 (7601)",,"16/11/2019 12:45:13 PM"
"AP-WSREMOTE01","AP-WSREMOTE01.hiexsp.ae","Windows 10 Pro",,"10.0 (19043)","10.10.30.198","19/12/2022 8:12:52 AM"
"SSC-LPSALES17","SSC-LPSALES17.hiexsp.ae","Windows 7 Professional","Service Pack 1","6.1 (7601)",,"23/03/2016 12:04:41 PM"
"SSC-LPSALES18","SSC-LPSALES18.hiexsp.ae","Windows 7 Professional","Service Pack 1","6.1 (7601)",,"24/03/2016 9:16:44 AM"
"FCSUNICORNSVR","FCSUNICORNSVR.hiexsp.ae","Windows Server 2008 R2 Standard","Service Pack 1","6.1 (7601)",,"27/08/2020 1:18:09 PM"
"JUM-WSVOICEMAIL","JUM-WSVOICEMAIL.hiexsp.ae","Windows 7 Professional","Service Pack 1","6.1 (7601)",,"19/11/2020 12:43:43 PM"
"DIC-RESAGT05",,,,,,
"DIC-WSRESAGT05","DIC-WSRESAGT05.hiexsp.ae","Windows 7 Professional","Service Pack 1","6.1 (7601)",,"22/07/2015 9:41:47 AM"
"SSC-LPFINDIR01","SSC-LPFINDIR01.hiexsp.ae","Windows 7 Professional","Service Pack 1","6.1 (7601)",,"22/07/2018 9:28:51 AM"
"DIC-WSRESAGT06","DIC-WSRESAGT06.hiexsp.ae","Windows 10 Pro",,"10.0 (19044)","10.10.1.151","19/12/2022 5:46:48 PM"
"DIC-WSVOICEMAIL","DIC-WSVOICEMAIL.hiexsp.ae","Windows 7 Professional","Service Pack 1","6.1 (7601)",,"14/06/2020 11:37:27 AM"
"JUM-NAS","jum-nas.hiexsp.ae",,,,,"05/08/2015 9:50:07 AM"
"SA-WSVOICEMAIL","SA-WSVOICEMAIL.hiexsp.ae","Windows 7 Professional","Service Pack 1","6.1 (7601)",,"04/01/2020 9:53:52 AM"
"jumeirah-nas","jumeirah-nas.hiexsp.ae",,,,,"20/04/2017 6:45:56 AM"
"Airport-NAS",,,,,,
"DXBSPOPERADB","DXBSPOPERADB.hiexsp.ae","Windows Server 2008 R2 Standard","Service Pack 1","6.1 (7601)",,"19/08/2020 9:31:09 PM"
"DXBSPOPERAAP","DXBSPOPERAAP.hiexsp.ae","Windows Server 2008 R2 Standard","Service Pack 1","6.1 (7601)",,"22/03/2021 3:37:51 PM"
"AP-WSVOICEMAIL","AP-WSVOICEMAIL.hiexsp.ae","Windows 7 Professional","Service Pack 1","6.1 (7601)",,"21/09/2015 11:55:30 AM"
"DXBSPOPERATRN","DXBSPOPERATRN.hiexsp.ae","Windows Server 2008 R2 Enterprise","Service Pack 1","6.1 (7601)",,"11/02/2020 8:01:16 PM"
"HESPDXBMICROS","HESPDXBMICROS.hiexsp.ae","Windows Server 2008 R2 Standard","Service Pack 1","6.1 (7601)","10.10.10.34","20/12/2022 11:13:49 AM"
"DXBSPSUNSYS","DXBSPSUNSYS.hiexsp.ae","Windows Server 2012 R2 Standard",,"6.3 (9600)","10.10.10.87","27/12/2022 8:20:54 AM"
"HVHOSTDIC","HVHOSTDIC.hiexsp.ae","Windows Server 2012 R2 Standard",,"6.3 (9600)",,"26/06/2019 1:54:26 PM"
"WIN-F4UP92GBM14","WIN-F4UP92GBM14.hiexsp.ae","Windows Server 2012 R2 Standard",,"6.3 (9600)",,"27/01/2016 6:27:48 PM"
"HVHOSTSAFA01","HVHOSTSAFA01.hiexsp.ae","Windows Server 2012 R2 Standard",,"6.3 (9600)",,"03/07/2019 1:59:12 AM"
"HVHOSTSAFA02","HVHOSTSAFA02.hiexsp.ae","Windows Server 2012 R2 Standard",,"6.3 (9600)","10.10.10.86","23/12/2022 3:09:02 AM"
"HVHOSTJUM","HVHOSTJUM.hiexsp.ae","Windows Server 2012 R2 Standard",,"6.3 (9600)",,"03/07/2019 12:42:04 PM"
"DXBSPFILESVR","DXBSPFILESVR.hiexsp.ae","Windows Server 2012 R2 Standard",,"6.3 (9600)","10.10.10.85","19/12/2022 8:21:52 AM"
"DXBSPSUNSVR","DXBSPSUNSVR.hiexsp.ae","Windows Server 2012 R2 Standard",,"6.3 (9600)","10.10.10.145","27/12/2022 11:16:34 PM"
"DXBJUMRODC","DXBJUMRODC.hiexsp.ae","Windows Server 2012 R2 Standard",,"6.3 (9600)",,"17/04/2017 4:17:18 AM"
"SA-WSFOMNGR02","SA-WSFOMNGR02.hiexsp.ae","Windows 7 Professional",,"6.1 (7600)",,"07/04/2016 9:11:27 AM"
"JUM-WSACCIA02","JUM-WSACCIA02.hiexsp.ae","Windows 7 Professional","Service Pack 1","6.1 (7601)",,"01/05/2016 10:06:51 AM"
"SA-WSFOMGR02","SA-WSFOMGR02.hiexsp.ae","Windows 10 Pro",,"10.0 (19042)",,"25/06/2021 4:40:34 PM"
"SA-WSITOFFICE","SA-WSITOFFICE.hiexsp.ae","Windows 10 Pro",,"10.0 (19043)","10.10.10.237","19/12/2022 8:15:19 AM"
"SA-LPCHEFENG","SA-LPCHEFENG.hiexsp.ae","Windows 7 Professional","Service Pack 1","6.1 (7601)",,"14/06/2016 9:25:06 AM"
"TEST1","TEST1.hiexsp.ae","Windows 7 Professional",,"6.1 (7600)",,"07/01/2017 4:02:52 PM"
"AP-LAPCE01","AP-LAPCE01.hiexsp.ae","Windows 7 Professional","Service Pack 1","6.1 (7601)",,"14/09/2020 8:35:11 AM"
"SSC-LP","SSC-LP.hiexsp.ae","Windows 7 Professional","Service Pack 1","6.1 (7601)",,"19/06/2016 11:19:55 AM"
"JUM-LPCE01-PC","JUM-LPCE01-PC.hiexsp.ae","Windows 7 Ultimate","Service Pack 1","6.1 (7601)",,"01/10/2017 8:18:22 AM"
"SA-WSHKSUP03","SA-WSHKSUP03.hiexsp.ae","Windows 7 Professional","Service Pack 1","6.1 (7601)",,"13/03/2017 8:34:34 PM"
"DIC-LPCHIENG01","DIC-LPCHIENG01.hiexsp.ae","Windows 7 Professional","Service Pack 1","6.1 (7601)",,"04/12/2019 8:44:18 AM"
"HIEXAPWSUS-TEST","HIEXAPWSUS-TEST.hiexsp.ae","Windows Server 2012 R2 Standard",,"6.3 (9600)",,"22/04/2017 1:55:48 PM"
"JUM-WSCDR01","JUM-WSCDR01.hiexsp.ae","Windows 10 Pro",,"10.0 (19043)",,"11/07/2022 12:03:39 PM"
"AP-WSBCKUPPC","AP-WSBCKUPPC.hiexsp.ae","Windows 7 Professional","Service Pack 1","6.1 (7601)",,"03/05/2019 8:10:55 AM"
"SASVRPPSCAN","SASVRPPSCAN.hiexsp.ae","Windows 7 Professional","Service Pack 1","6.1 (7601)",,"01/08/2021 8:38:53 AM"
"AP-SERPPSCAN","AP-SERPPSCAN.hiexsp.ae","Windows Server 2008 R2 Enterprise","Service Pack 1","6.1 (7601)",,"28/12/2022 3:20:55 AM"
"DIC-WSTEST","DIC-WSTEST.hiexsp.ae","Windows 7 Professional","Service Pack 1","6.1 (7601)",,"10/12/2016 11:41:43 AM"
"DIC-LPHTLMGR01","DIC-LPHTLMGR01.hiexsp.ae","Windows 7 Professional","Service Pack 1","6.1 (7601)",,"06/11/2019 12:04:17 PM"
"DIC-WSACCREC04","DIC-WSACCREC04.hiexsp.ae","Windows 7 Professional","Service Pack 1","6.1 (7601)",,"20/11/2019 2:43:12 PM"
"JUM-WSACCTEST","JUM-WSACCTEST.hiexsp.ae","Windows 7 Professional",,"6.1 (7600)",,"22/12/2016 3:10:46 PM"
"JUM-WSACCICA02","JUM-WSACCICA02.hiexsp.ae","Windows 7 Professional","Service Pack 1","6.1 (7601)",,"22/11/2019 1:10:30 AM"
"SSC-LPRDM01","SSC-LPRDM01.hiexsp.ae","Windows 7 Professional","Service Pack 1","6.1 (7601)",,"08/02/2017 12:51:39 PM"
"SA-LPDOR01","SA-LPDOR01.hiexsp.ae","Windows 7 Professional","Service Pack 1","6.1 (7601)",,"22/10/2018 3:08:17 PM"
"SSC-LPDOSM01","SSC-LPDOSM01.hiexsp.ae","Windows 7 Professional","Service Pack 1","6.1 (7601)",,"15/09/2019 7:22:18 PM"
"SA-WSENGTECH01","SA-WSENGTECH01.hiexsp.ae","Windows 7 Professional","Service Pack 1","6.1 (7601)","10.10.10.174","24/12/2022 4:09:31 AM"
"SA-LPITADMIN","SA-LPITADMIN.hiexsp.ae","Windows 7 Professional","Service Pack 1","6.1 (7601)",,"19/03/2017 12:26:32 PM"
"SSC-LPCLSTGM01","SSC-LPCLSTGM01.hiexsp.ae","Windows 7 Professional","Service Pack 1","6.1 (7601)",,"13/02/2020 3:28:08 PM"
"AP-LAPRDM01","AP-LAPRDM01.hiexsp.ae","Windows 7 Professional","Service Pack 1","6.1 (7601)",,"21/05/2017 9:21:53 AM"
"AP-LAPHRDM-PC","AP-LAPHRDM-PC.hiexsp.ae","Windows 7 Professional","Service Pack 1","6.1 (7601)",,"06/09/2017 3:36:06 PM"
"SSC-LPCLAREVM01","SSC-LPCLAREVM01.hiexsp.ae","Windows 7 Professional","Service Pack 1","6.1 (7601)",,"07/11/2019 12:06:04 PM"
"SP-LPCHFENG01","SP-LPCHFENG01.hiexsp.ae","Windows 7 Professional","Service Pack 1","6.1 (7601)",,"12/10/2020 2:13:33 PM"
"TEST-HP","TEST-HP.hiexsp.ae","Windows 7 Professional","Service Pack 1","6.1 (7601)",,"04/07/2017 12:32:15 PM"
"AP-WSHKCOOR01","AP-WSHKCOOR01.hiexsp.ae","Windows 7 Professional","Service Pack 1","6.1 (7601)",,"12/08/2017 5:33:24 PM"
"AP-WSHKCOOR02","AP-WSHKCOOR02.hiexsp.ae","Windows 7 Professional","Service Pack 1","6.1 (7601)",,"12/08/2017 7:24:26 PM"
"HVHOSTSAFA03","HVHOSTSAFA03.hiexsp.ae","Windows Server 2012 R2 Standard",,"6.3 (9600)",,"08/02/2020 2:55:35 AM"
"DXBSPOASYSSVR","DXBSPOASYSSVR.hiexsp.ae","Windows Server 2012 R2 Standard",,"6.3 (9600)","10.10.10.146","19/12/2022 1:14:50 PM"
"AP-SERWSUSTEST","AP-SERWSUSTEST.hiexsp.ae","Windows Server 2008 R2 Standard","Service Pack 1","6.1 (7601)",,"18/10/2017 2:12:45 PM"
"HVHOSTSAFA04","HVHOSTSAFA04.hiexsp.ae","Windows Server 2012 R2 Standard",,"6.3 (9600)",,"01/10/2020 1:53:42 PM"
"DIC-WSINCAUD2","DIC-WSINCAUD2.hiexsp.ae","Windows 7 Professional","Service Pack 1","6.1 (7601)",,"07/09/2017 11:55:44 AM"
"JUM-WSFNB01","JUM-WSFNB01.hiexsp.ae","Windows 10 Pro",,"10.0 (19044)","10.10.20.184","22/12/2022 6:57:08 PM"
"SA-LPITADMIN01","SA-LPITADMIN01.hiexsp.ae","Windows 7 Professional","Service Pack 1","6.1 (7601)",,"10/03/2021 10:25:58 PM"
"JUM-LPCE01","JUM-LPCE01.hiexsp.ae","Windows 10 Pro",,"10.0 (19044)",,"11/10/2022 10:37:26 AM"
"SSC-WSREMOTE01","SSC-WSREMOTE01.hiexsp.ae","Windows 7 Professional","Service Pack 1","6.1 (7601)",,"08/05/2018 7:45:37 PM"
"JUM-LPHM011","JUM-LPHM011.hiexsp.ae","Windows 7 Professional","Service Pack 1","6.1 (7601)",,"19/01/2019 11:22:42 AM"
"AP-LAPITADMIN01","AP-LAPITADMIN01.hiexsp.ae","Windows 7 Professional","Service Pack 1","6.1 (7601)",,"21/11/2019 12:43:35 PM"
"AP-WSFOSPRVSR","AP-WSFOSPRVSR.hiexsp.ae","Windows 7 Professional","Service Pack 1","6.1 (7601)",,"20/03/2019 7:43:42 AM"
"SSC-LPSALES19",,,,,,
"SSC-WSEXSEC","SSC-WSEXSEC.hiexsp.ae","Windows 10 Pro",,"10.0 (19042)",,"02/03/2022 8:13:37 PM"
"SP-LPDOR","SP-LPDOR.hiexsp.ae","Windows 7 Professional","Service Pack 1","6.1 (7601)",,"21/11/2018 5:12:15 PM"
"WS-SSCCHEF-PC","WS-SSCCHEF-PC.hiexsp.ae","Windows 7 Professional","Service Pack 1","6.1 (7601)",,"27/10/2019 1:55:24 PM"
"SA-LPITADMN","SA-LPITADMN.hiexsp.ae","Windows 10 Pro",,"10.0 (17134)",,"30/12/2018 8:08:17 AM"
"SP-LPDORNW-PC","SP-LPDORNW-PC.hiexsp.ae","Windows 7 Professional","Service Pack 1","6.1 (7601)",,"10/11/2019 8:38:29 AM"
"SA-WSFOMGR-PC","SA-WSFOMGR-PC.hiexsp.ae","Windows 7 Professional","Service Pack 1","6.1 (7601)",,"23/01/2020 6:16:10 PM"
"ISH-WSASPRMGR","ISH-WSASPRMGR.hiexsp.ae","Windows 10 Pro",,"10.0 (19044)","10.10.10.177","27/12/2022 8:25:39 AM"
"ISH-WSPURMGR","ISH-WSPURMGR.hiexsp.ae","Windows 10 Pro",,"10.0 (17134)",,"11/12/2019 11:03:49 AM"
"ISH-WSPUROFF","ISH-WSPUROFF.hiexsp.ae","Windows 10 Pro",,"10.0 (19045)","172.16.100.190","27/12/2022 4:58:52 PM"
"ISH-PURASSIST02","ISH-PURASSIST02.hiexsp.ae","Windows 10 Pro",,"10.0 (17134)",,"25/12/2018 6:51:10 PM"
"ISH-LPDIRIT",,,,,,
"ISH-LPDIRENG",,,,,,
"DESKTOP-MD1U55N","DESKTOP-MD1U55N.hiexsp.ae","Windows 10 Pro",,"10.0 (16299)",,"07/12/2018 3:14:31 PM"
"DESKTOP-2VKF9FP","DESKTOP-2VKF9FP.hiexsp.ae","Windows 10 Pro",,"10.0 (16299)",,"07/12/2018 3:35:07 PM"
"ISH-WSPUASSIST0","ISH-WSPUASSIST01.hiexsp.ae","Windows 10 Pro",,"10.0 (16299)",,"24/12/2018 8:49:27 AM"
"ISH-PURASSIST01","ISH-PURASSIST01.hiexsp.ae","Windows 10 Pro",,"10.0 (17134)",,"26/12/2018 10:24:42 AM"
"ISH-WSPUROFF1","ISH-WSPUROFF1.hiexsp.ae","Windows 10 Pro",,"10.0 (19045)","172.16.100.207","26/12/2022 9:12:00 AM"
"ISH-WSPURDIR","ISH-WSPURDIR.hiexsp.ae","Windows 10 Pro",,"10.0 (17134)",,"24/09/2020 6:13:01 AM"
"ISH-WSPUROFF2","ISH-WSPUROFF2.hiexsp.ae","Windows 10 Pro",,"10.0 (19044)","10.10.10.107","27/12/2022 7:17:22 PM"
"ISH-LPDOE","ISH-LPDOE.hiexsp.ae","Windows 10 Pro",,"10.0 (19045)","172.16.100.245","19/12/2022 8:51:13 AM"
"ISH-LPCOF",,,,,,
"ISH-LPDOIT","ISH-LPDOIT.hiexsp.ae","Windows 10 Pro",,"10.0 (17763)",,"02/03/2020 8:30:10 AM"
"ISH-LPCEO","ISH-LPCEO.hiexsp.ae","Windows 10 Pro",,"10.0 (19044)","172.16.100.244","26/12/2022 9:26:49 AM"
"DIC-LPHOTMGR02","DIC-LPHOTMGR02.hiexsp.ae","Windows 7 Professional","Service Pack 1","6.1 (7601)",,"14/07/2019 9:23:42 AM"
"ISH-WSID",,,,,,
"DESKTOP-L3RF57S","DESKTOP-L3RF57S.hiexsp.ae","Windows 10 Pro",,"10.0 (17134)",,"31/10/2021 1:07:07 PM"
"SSC-WSHRCOOR","SSC-WSHRCOOR.hiexsp.ae","Windows 10 Pro",,"10.0 (19044)",,"13/10/2022 11:49:44 AM"
"ISH-LPCLFC","ISH-LPCLFC.hiexsp.ae","Windows 10 Pro",,"10.0 (19044)","10.10.10.193","22/12/2022 9:46:07 AM"
"JUM-WSBACKUP","JUM-WSBACKUP.hiexsp.ae","Windows 7 Professional","Service Pack 1","6.1 (7601)",,"17/02/2019 1:10:15 PM"
"ISH-WSEXSEC01","ISH-WSEXSEC01.hiexsp.ae","Windows 10 Pro",,"10.0 (16299)",,"20/02/2019 12:48:46 PM"
"ISH-WSEXSEC","ISH-WSEXSEC.hiexsp.ae","Windows 10 Pro",,"10.0 (18363)",,"03/05/2021 2:57:49 PM"
"IT-LAPTOP","IT-Laptop.hiexsp.ae","Windows 10 Pro",,"10.0 (17763)",,"24/02/2019 11:52:18 AM"
"ASAD","Asad.hiexsp.ae","Windows 10 Pro",,"10.0 (17763)",,"27/03/2019 3:39:17 PM"
"DXBSPSVRMCAFEE","DXBSPSVRMCAFEE.hiexsp.ae","Windows Server 2012 R2 Standard",,"6.3 (9600)","10.10.10.49","27/12/2022 5:19:10 AM"
"JUM-LPIT02","JUM-LPIT02.hiexsp.ae","Windows 10 Pro",,"10.0 (18363)",,"29/02/2020 10:37:23 AM"
"AP-LAPHTLMGR01","AP-LAPHTLMGR01.hiexsp.ae","Windows 7 Professional","Service Pack 1","6.1 (7601)",,"24/11/2020 1:41:37 PM"
"ISH-LPCFO","ISH-LPCFO.hiexsp.ae","Windows 10 Pro",,"10.0 (19044)","172.16.100.83","15/12/2022 12:29:55 PM"
"SSC-LPHRM","SSC-LPHRM.hiexsp.ae","Windows 10 Pro",,"10.0 (17763)",,"20/10/2019 10:39:35 AM"
"WIN-SU1MN0EMB12","WIN-SU1MN0EMB12.hiexsp.ae","Windows Server 2012 R2 Datacenter",,"6.3 (9600)",,"01/07/2019 10:33:10 AM"
"DXBSPSVROPERAAP","DXBSPSVROPERAAPPNW.hiexsp.ae","Windows Server 2012 R2 Standard",,"6.3 (9600)",,"01/07/2019 2:08:12 PM"
"HIEXPMSSVRDG01","HIEXPMSSVRDG01.hiexsp.ae","Windows Server 2012 R2 Standard",,"6.3 (9600)",,"15/01/2022 8:25:55 AM"
"HIEXPMSSVRDB01","HIEXPMSSVRDB01.hiexsp.ae","Windows Server 2012 R2 Standard",,"6.3 (9600)",,"27/06/2022 1:06:16 PM"
"SSC-LPASTFINMGR","SSC-LPASTFINMGR.hiexsp.ae","Windows 10 Pro",,"10.0 (19043)",,"21/01/2022 3:44:09 PM"
"AP-LAPITC01","AP-LAPITC01.hiexsp.ae","Windows 10 Pro",,"10.0 (19043)",,"21/08/2021 5:46:22 PM"
"SA-WSMUCHA","SA-WSMUCHA.hiexsp.ae","Windows 7 Professional","Service Pack 1","6.1 (7601)",,"20/03/2021 10:41:12 AM"
"SSC-LPREVMGR","SSC-LPREVMGR.hiexsp.ae","Windows 10 Pro",,"10.0 (19045)","10.10.10.186","22/12/2022 11:04:54 AM"
"DIC-LPHTMGR-PC","DIC-LPHTMGR-PC.hiexsp.ae","Windows 10 Pro",,"10.0 (18362)",,"29/02/2020 10:58:03 AM"
"SSC-LPCLDOS","SSC-LPCLDOS.hiexsp.ae","Windows 10 Pro",,"10.0 (19045)","10.10.1.110","24/12/2022 7:57:36 PM"
"ISH-CLHRMGR","ISH-CLHRMGR.hiexsp.ae","Windows 10 Pro",,"10.0 (19043)","10.10.10.84","28/12/2022 9:30:56 AM"
"JUM-LPDOR01","JUM-LPDOR01.hiexsp.ae","Windows 10 Pro",,"10.0 (18363)",,"29/02/2020 12:33:32 PM"
"DIC-ITOFFICE-PC","DIC-ITOFFICE-PC.hiexsp.ae","Windows 10 Pro",,"10.0 (18363)",,"17/11/2019 8:27:07 AM"
"AP-WSCIDOPR02","AP-WSCIDOPR02.hiexsp.ae","Windows 10 Pro",,"10.0 (18363)",,"18/11/2019 3:09:10 PM"
"JUM-WSENGSPR01","JUM-WSENGSPR01.hiexsp.ae","Windows 10 Pro",,"10.0 (19045)","10.10.20.128","28/12/2022 7:29:41 AM"
"DIC-WSENGSUP","DIC-WSENGSUP.hiexsp.ae","Windows 10 Pro",,"10.0 (19045)","10.10.1.111","26/12/2022 7:10:00 AM"
"AP-WSHKSSUP02","AP-WSHKSSUP02.hiexsp.ae","Windows 10 Pro",,"10.0 (19044)","10.10.30.189","19/12/2022 9:02:25 AM"
"JUM-WSACCAR01","JUM-WSACCAR01.hiexsp.ae","Windows 10 Pro",,"10.0 (19042)",,"21/03/2022 8:16:25 AM"
"AP-WSHKCOR02","AP-WSHKCOR02.hiexsp.ae","Windows 10 Pro",,"10.0 (19042)",,"31/10/2021 5:30:06 PM"
"AP-WSHKMGR02","AP-WSHKMGR02.hiexsp.ae","Windows 10 Pro",,"10.0 (19042)","10.10.30.206","27/12/2022 10:29:02 AM"
"AP-WSGSTSERMGE","AP-WSGSTSERMGE.hiexsp.ae","Windows 10 Pro",,"10.0 (19043)",,"18/09/2021 1:51:07 AM"
"AP-WSKITCHEN02","AP-WSKITCHEN02.hiexsp.ae","Windows 10 Pro",,"10.0 (19042)",,"19/07/2022 3:17:19 PM"
"AP-WSRDM02","AP-WSRDM02.hiexsp.ae","Windows 10 Pro",,"10.0 (19042)","10.10.30.179","25/12/2022 11:51:06 PM"
"AP-WSEVNTEXE02","AP-WSEVNTEXE02.hiexsp.ae","Windows 10 Pro",,"10.0 (19042)","10.10.30.167","25/12/2022 9:39:15 PM"
"JUM-WSACCRC01","JUM-WSACCRC01.hiexsp.ae","Windows 10 Pro",,"10.0 (19044)","10.10.20.122","22/12/2022 7:35:41 PM"
"AP-WSRECCLK002","AP-WSRECCLK002.hiexsp.ae","Windows 10 Pro",,"10.0 (19043)",,"06/09/2022 11:30:04 AM"
"AP-WSACCPAY03","AP-WSACCPAY03.hiexsp.ae","Windows 10 Pro",,"10.0 (19045)","10.10.30.148","28/12/2022 7:52:26 AM"
"AP-WSRESAGENT06","AP-WSRESAGENT06.hiexsp.ae","Windows 10 Pro",,"10.0 (19042)","10.10.30.223","30/11/2022 12:02:30 PM"
"AP-WSRESAGENT07","AP-WSRESAGENT07.hiexsp.ae","Windows 10 Pro",,"10.0 (19042)",,"27/10/2021 3:36:46 PM"
"JUM-WSACCAP01","JUM-WSACCAP01.hiexsp.ae","Windows 10 Pro",,"10.0 (19042)",,"20/03/2022 11:42:38 AM"
"AP-WSRESSUP02","AP-WSRESSUP02.hiexsp.ae","Windows 10 Pro",,"10.0 (18363)",,"29/10/2020 5:43:28 PM"
"AP-WSENGSUP03","AP-WSENGSUP03.hiexsp.ae","Windows 10 Pro",,"10.0 (19044)",,"22/07/2022 5:13:13 PM"
"AP-WSFBMGR02","AP-WSFBMGR02.hiexsp.ae","Windows 10 Pro",,"10.0 (19044)",,"26/07/2022 12:25:23 AM"
"AP-WSOPERATOR02","AP-WSOPERATOR02.hiexsp.ae","Windows 10 Pro",,"10.0 (19042)",,"26/09/2021 8:20:59 AM"
"AP-WSRECPT06","AP-WSRECPT06.hiexsp.ae","Windows 10 Pro",,"10.0 (18363)",,"08/04/2021 4:56:44 PM"
"AP-WSACCRE02","AP-WSACCRE02.hiexsp.ae","Windows 10 Pro",,"10.0 (19042)",,"23/09/2021 12:56:47 AM"
"AP-WSRESAGENT03","AP-WSRESAGENT03.hiexsp.ae","Windows 10 Pro",,"10.0 (18363)",,"07/04/2021 4:42:00 PM"
"JUM-WSACCIA01","JUM-WSACCIA01.hiexsp.ae","Windows 10 Pro",,"10.0 (19044)","10.10.20.220","21/12/2022 1:31:37 PM"
"JUM-WSHKCR01","JUM-WSHKCR01.hiexsp.ae","Windows 10 Pro",,"10.0 (19044)","10.10.20.167","19/12/2022 6:18:06 PM"
"DIC-WSACCREC01","DIC-WSACCREC01.hiexsp.ae","Windows 10 Pro",,"10.0 (19043)",,"23/04/2022 3:58:27 PM"
"AP-WSACCREC02","AP-WSACCREC02.hiexsp.ae","Windows 10 Pro",,"10.0 (19045)","10.10.30.164","19/12/2022 7:32:41 AM"
"DIC-WSRECCLK","DIC-WSRECCLK.hiexsp.ae","Windows 10 Pro",,"10.0 (19043)",,"26/04/2022 9:46:12 AM"
"AP-WSHRCOOR02",,,,,,
"AP-WSHRCCOOR02","AP-WSHRCCOOR02.hiexsp.ae","Windows 10 Pro",,"10.0 (19042)",,"09/09/2021 6:56:00 AM"
"AP-WSINCAUD02","AP-WSINCAUD02.hiexsp.ae","Windows 10 Pro",,"10.0 (19043)",,"17/07/2022 3:41:36 PM"
"DIC-WSFOMGR","DIC-WSFOMGR.hiexsp.ae","Windows 10 Pro",,"10.0 (18363)",,"01/12/2019 3:28:38 PM"
"DIC-WSHKMGR","DIC-WSHKMGR.hiexsp.ae","Windows 10 Pro",,"10.0 (18363)",,"21/11/2020 10:16:52 PM"
"DIC-VINGCARDSVR","DIC-VINGCARDSVR.hiexsp.ae","Windows 10 Pro",,"10.0 (18363)",,"01/05/2021 2:48:23 PM"
"HIEXPMSSVRAP01","HIEXPMSSVRAP01.hiexsp.ae","Windows Server 2012 R2 Standard",,"6.3 (9600)",,"25/06/2022 10:43:07 PM"
"AP-WSVINGCARD02","AP-WSVINGCARD02.hiexsp.ae","Windows 10 Pro",,"10.0 (19041)","10.10.30.31","23/12/2022 12:31:23 PM"
"AP-WSINTRFACE02","AP-WSINTRFACE02.hiexsp.ae","Windows 10 Pro",,"10.0 (19044)","10.10.30.16","24/12/2022 6:52:13 AM"
"DIC-IFCSVR","DIC-IFCSVR.hiexsp.ae","Windows 10 Pro",,"10.0 (19044)","10.10.1.16","24/12/2022 12:30:18 PM"
"AP-WSRECEPT04","AP-WSRECEPT04.hiexsp.ae","Windows 10 Pro",,"10.0 (19045)","10.10.30.162","22/12/2022 8:39:30 PM"
"SA-WSIFC1","SA-WSIFC1.hiexsp.ae","Windows 10 Pro",,"10.0 (19044)","10.10.10.16","21/12/2022 1:11:42 PM"
"DXBSPSVRKEY1","DXBSPSVRKEY1.hiexsp.ae","Windows 10 Pro",,"10.0 (19044)","10.10.10.31","20/12/2022 3:31:55 PM"
"HIEXIC-ENG-PC","HIEXIC-ENG-PC.hiexsp.ae","Windows 10 Pro",,"10.0 (19041)",,"25/11/2020 10:37:54 AM"
"DIC-WSRESAGT","DIC-WSRESAGT.hiexsp.ae","Windows 10 Pro",,"10.0 (19043)",,"12/04/2022 1:23:24 PM"
"JUM-WSVNGCRD02","JUM-WSVNGCRD02.hiexsp.ae","Windows 10 Pro",,"10.0 (19043)","10.10.20.18","28/12/2022 6:35:17 PM"
"DIC-WSHKCOO1","DIC-WSHKCOO1.hiexsp.ae","Windows 10 Pro",,"10.0 (19043)",,"21/09/2021 7:01:15 AM"
"JUM-WSIFC02","JUM-WSIFC02.hiexsp.ae","Windows 10 Pro",,"10.0 (19043)","10.10.20.16","26/12/2022 4:29:29 PM"
"DIC-WSBANCO","DIC-WSBANCO.hiexsp.ae","Windows 10 Pro",,"10.0 (18363)",,"23/09/2020 9:17:50 AM"
"DIC-WSACCPAY01","DIC-WSACCPAY01.hiexsp.ae","Windows 10 Pro",,"10.0 (19041)",,"24/08/2021 4:09:02 PM"
"AP-WSRECEPT01","AP-WSRECEPT01.hiexsp.ae","Windows 10 Pro",,"10.0 (19043)","10.10.30.194","22/12/2022 5:25:42 PM"
"AP-WSRECEPT03","AP-WSRECEPT03.hiexsp.ae","Windows 10 Pro",,"10.0 (19043)",,"24/07/2022 11:23:42 AM"
"JUM-WSFORES01","JUM-WSFORES01.hiexsp.ae","Windows 10 Pro",,"10.0 (19044)","10.10.20.174","29/12/2022 8:19:54 AM"
"JUM-WSFONA01","JUM-WSFONA01.hiexsp.ae","Windows 10 Pro",,"10.0 (19044)",,"28/10/2022 8:45:11 AM"
"JUM-WSFOMGR01","JUM-WSFOMGR01.hiexsp.ae","Windows 10 Pro",,"10.0 (19044)","10.10.20.161","20/12/2022 11:05:26 AM"
"AP-WSENGWORK","AP-WSENGWORK.hiexsp.ae","Windows 7 Professional","Service Pack 1","6.1 (7601)",,"05/09/2022 6:12:20 PM"
"SSC-LPEXSEC02","SSC-LPEXSEC02.hiexsp.ae","Windows 10 Pro",,"10.0 (19043)",,"23/06/2022 1:39:41 PM"
"SA-WSENGSUP01","SA-WSENGSUP01.hiexsp.ae","Windows 10 Pro",,"10.0 (19044)","10.10.10.164","26/12/2022 11:37:29 AM"
"AP-Test",,,,,,
"AP-TEST-DIC","AP-Test-DIC.hiexsp.ae","Windows 10 Pro",,"10.0 (18363)",,"09/03/2020 5:20:36 PM"
"HIEXOPERATRN","HIEXOPERATRN.hiexsp.ae","Windows Server 2012 R2 Standard",,"6.3 (9600)","10.10.10.79","24/12/2022 7:01:47 PM"
"DIC-LPIT01","DIC-LPIT01.hiexsp.ae","Windows 10 Pro",,"10.0 (19044)",,"04/10/2022 1:04:36 PM"
"ISH-LPTRNMGR","ISH-LPTRNMGR.hiexsp.ae","Windows 10 Pro",,"10.0 (19044)","172.16.100.168","26/12/2022 11:43:30 AM"
"AP-WSCHIACC02","AP-WSCHIACC02.hiexsp.ae","Windows 10 Pro",,"10.0 (19042)",,"13/10/2021 7:28:44 PM"
"DIC-WSACCPAY10","DIC-WSACCPAY10.hiexsp.ae","Windows 10 Pro",,"10.0 (18363)",,"02/06/2020 11:59:56 AM"
"DIC-LPBNQCOO01","DIC-LPBNQCOO01.hiexsp.ae","Windows 10 Pro",,"10.0 (18363)",,"29/04/2022 10:18:23 AM"
"DIC-WSHREXE01","DIC-WSHREXE01.hiexsp.ae","Windows 10 Pro",,"10.0 (19044)","10.10.1.156","26/12/2022 8:13:46 AM"
"DIC-LPIT03","DIC-LPIT03.hiexsp.ae","Windows 10 Pro",,"10.0 (19041)",,"09/09/2020 9:39:53 AM"
"DIC-LPHM01","DIC-LPHM01.hiexsp.ae","Windows 10 Pro",,"10.0 (19042)",,"07/04/2021 8:00:21 AM"
"DIC-WSRECEP01","DIC-WSRECEP01.hiexsp.ae","Windows 10 Pro",,"10.0 (19045)","10.10.1.124","29/12/2022 12:17:32 AM"
"SSC-WSISHREC02","SSC-WSISHREC02.hiexsp.ae","Windows 10 Pro",,"10.0 (19045)",,"05/12/2022 8:37:09 AM"
"DIC-WSDUTMGR01","DIC-WSDUTMGR01.hiexsp.ae","Windows 10 Pro",,"10.0 (19045)","10.10.1.104","29/12/2022 10:23:41 AM"
"ISH-LPDOHR02","ISH-LPDOHR02.hiexsp.ae","Windows 10 Pro",,"10.0 (19041)",,"01/10/2020 4:31:01 PM"
"DIC-SERPPSCAN","DIC-SERPPSCAN.hiexsp.ae","Windows 10 Pro",,"10.0 (19045)","10.10.1.102","25/12/2022 2:23:27 PM"
"ISH-LPDOHR","ISH-LPDOHR.hiexsp.ae","Windows 10 Pro",,"10.0 (19044)","10.10.10.227","25/12/2022 12:50:44 PM"
"SA-LPHM01","SA-LPHM01.hiexsp.ae","Windows 10 Pro",,"10.0 (19044)","10.10.10.89","29/12/2022 12:37:05 AM"
"JUM-LPHM","JUM-LPHM.hiexsp.ae","Windows 10 Pro",,"10.0 (19044)","10.10.20.166","23/12/2022 8:36:37 PM"
"AP-LPHM","AP-LPHM.hiexsp.ae","Windows 11 Pro",,"10.0 (22000)","10.10.30.229","29/12/2022 9:30:16 AM"
"DIC-LPHM","DIC-LPHM.hiexsp.ae","Windows 10 Pro",,"10.0 (19044)","10.10.1.105","19/12/2022 8:11:48 AM"
"ISH-LPMRTMGR","ISH-LPMRTMGR.hiexsp.ae","Windows 10 Pro",,"10.0 (19044)","172.16.100.171","29/12/2022 9:13:47 AM"
"SA-LPCE","SA-LPCE.hiexsp.ae","Windows 10 Pro",,"10.0 (19043)",,"20/04/2022 11:50:57 AM"
"SSC-LPMU01","SSC-LPMU01.hiexsp.ae","Windows 10 Pro",,"10.0 (19042)",,"18/11/2020 11:05:25 AM"
"DIC-WSFOM","DIC-WSFOM.hiexsp.ae","Windows 10 Pro",,"10.0 (19041)",,"21/12/2020 10:10:24 PM"
"DIC-WSIA","DIC-WSIA.hiexsp.ae","Windows 10 Pro",,"10.0 (19044)","10.10.1.123","22/12/2022 3:34:29 PM"
"DIC-WSHKM","DIC-WSHKM.hiexsp.ae","Windows 10 Pro",,"10.0 (19044)","10.10.1.118","23/12/2022 4:15:42 PM"
"DIC-WSRP3","DIC-WSRP3.hiexsp.ae","Windows 10 Pro",,"10.0 (19045)","10.10.1.112","22/12/2022 3:48:31 PM"
"DIC-LPCE","DIC-LPCE.hiexsp.ae","Windows 10 Pro",,"10.0 (19044)","10.10.1.144","26/12/2022 10:12:18 AM"
"ISH-LPDCBD","ISH-LPDCBD.hiexsp.ae","Windows 10 Pro",,"10.0 (19044)","10.10.10.113","19/12/2022 8:54:36 AM"
"ISH-LPAMM","ISH-LPAMM.hiexsp.ae","Windows 10 Pro",,"10.0 (19045)","172.16.100.191","26/12/2022 8:48:04 AM"
"ISH-LPDO","ISH-LPDO.hiexsp.ae","Windows 10 Pro",,"10.0 (19042)",,"18/11/2021 9:58:46 AM"
"SSC-LPCRDTMGR02",,,,,,
"SSC-LPCRDTMGRO2","SSC-LPCRDTMGRO2.hiexsp.ae","Windows 10 Pro",,"10.0 (19042)",,"24/02/2021 9:38:54 AM"
"DIC-LPHREXE","DIC-LPHREXE.hiexsp.ae","Windows 10 Pro",,"10.0 (19041)",,"17/03/2022 9:13:54 AM"
"DXBSPSVRDG1","DXBSPSVRDG1.hiexsp.ae","Windows Server 2012 R2 Standard",,"6.3 (9600)",,"21/09/2022 6:59:04 AM"
"SSC-WSMUCH01","SSC-WSMUCH01.hiexsp.ae","Windows 7 Professional","Service Pack 1","6.1 (7601)","10.10.10.98","24/12/2022 10:32:59 AM"
"DIC-WSKN","DIC-WSKN.hiexsp.ae","Windows 10 Pro",,"10.0 (19044)","10.10.1.116","20/12/2022 6:03:50 PM"
"DIC-WSCA","DIC-WSCA.hiexsp.ae","Windows 10 Pro",,"10.0 (19044)","10.10.1.106","24/12/2022 3:33:05 AM"
"AP-BKPC","AP-BKPC.hiexsp.ae","Windows 10 Pro",,"10.0 (19044)","10.10.30.184","19/12/2022 1:06:23 PM"
"DIC-VCSVR","DIC-VCSVR.hiexsp.ae","Windows 10 Pro",,"10.0 (19044)","10.10.1.171","21/12/2022 4:05:31 AM"
"SSC-LPCRDTMGR1","SSC-LPCRDTMGR1.hiexsp.ae","Windows 11 Pro",,"10.0 (22621)","10.10.10.217","27/12/2022 8:38:13 AM"
"SSC-LPSALES1","SSC-LPSALES1.hiexsp.ae","Windows 10 Pro",,"10.0 (19045)",,"05/12/2022 8:45:48 AM"
"SSC-LPSALES2","SSC-LPSALES2.hiexsp.ae","Windows 10 Pro",,"10.0 (19043)",,"24/10/2021 8:45:44 AM"
"SSC-LPSALES3","SSC-LPSALES3.hiexsp.ae","Windows 10 Pro",,"10.0 (19045)","172.16.100.152","21/12/2022 8:41:03 AM"
"SSC-LPSALES4","SSC-LPSALES4.hiexsp.ae","Windows 10 Pro",,"10.0 (19044)","172.16.100.43","05/12/2022 1:31:52 PM"
"SSC-LPSALES5","SSC-LPSALES5.hiexsp.ae","Windows 10 Pro",,"10.0 (19045)","10.10.30.243","20/12/2022 4:10:41 PM"
"SSC-WSSALES1","SSC-WSSALES1.hiexsp.ae","Windows 10 Pro",,"10.0 (19045)","10.10.10.245","19/12/2022 5:57:55 PM"
"SSC-WSSALES2","SSC-WSSALES2.hiexsp.ae","Windows 10 Pro",,"10.0 (18363)","172.16.100.128","26/12/2022 9:19:40 AM"
"DIC-WSIT","DIC-WSIT.hiexsp.ae","Windows 10 Pro",,"10.0 (19045)","10.10.1.109","22/12/2022 6:19:13 PM"
"AP-LPITC","AP-LPITC.hiexsp.ae","Windows 11 Pro",,"10.0 (22000)",,"05/12/2021 1:27:16 PM"
"ISH-LPDOF","ISH-LPDOF.hiexsp.ae","Windows 10 Pro",,"10.0 (19044)","10.10.10.102","27/12/2022 9:06:37 AM"
"SASVRPPSCAN1","SASVRPPSCAN1.hiexsp.ae","Windows 10 Pro",,"10.0 (19045)","192.168.192.210","20/12/2022 9:45:20 AM"
"AP-LPITMGR","AP-LPITMGR.hiexsp.ae","Windows 10 Pro",,"10.0 (19043)",,"03/11/2021 9:41:15 AM"
"DIC-WSRC","DIC-WSRC.hiexsp.ae","Windows 10 Pro",,"10.0 (19044)","10.10.1.115","28/12/2022 12:31:25 PM"
"DIC-WSAP","DIC-WSAP.hiexsp.ae","Windows 10 Pro",,"10.0 (19043)","10.10.1.120","28/12/2022 11:57:34 PM"
"ISH-LPAHRM","ISH-LPAHRM.hiexsp.ae","Windows 10 Pro",,"10.0 (19044)",,"22/07/2022 2:13:03 PM"
"ISH-DOS","ISH-DOS.hiexsp.ae","Windows 10 Pro",,"10.0 (19044)","172.16.100.205","26/12/2022 9:25:39 AM"
"AP-HRDSKP","AP-HRDSKP.hiexsp.ae","Windows 10 Pro",,"10.0 (19043)","10.10.30.171","22/12/2022 10:11:28 AM"
"AP-WSREMOTE02","AP-WSREMOTE02.hiexsp.ae","Windows 11 Pro",,"10.0 (22000)","10.10.30.173","24/12/2022 11:18:50 AM"
"AP-WSOPERATOR01","AP-WSOPERATOR01.hiexsp.ae","Windows 10 Pro",,"10.0 (19044)","10.10.30.178","22/12/2022 4:47:55 PM"
"AP-WSRDM01","AP-WSRDM01.hiexsp.ae","Windows 10 Pro",,"10.0 (19043)","10.10.30.236","26/12/2022 2:03:41 PM"
"AP-WSINCAUD01","AP-WSINCAUD01.hiexsp.ae","Windows 10 Pro",,"10.0 (19043)",,"18/10/2021 12:29:40 PM"
"AP-WSGSTSERMGE1","AP-WSGSTSERMGE1.hiexsp.ae","Windows 10 Pro",,"10.0 (19044)","10.10.30.181","28/12/2022 1:07:33 AM"
"AP-WSACCPAY02
CNF:9c68e278-edce-45b5-92cf-12a0d4afc451","AP-WSACCPAY02.hiexsp.ae","Windows 11 Pro",,"10.0 (22000)","10.10.30.219","26/12/2022 10:47:44 AM"
"AP-WSRESAGENT08","AP-WSRESAGENT08.hiexsp.ae","Windows 10 Pro",,"10.0 (19043)","10.10.30.209","25/12/2022 11:05:26 AM"
"AP-WSACCREC03","AP-WSACCREC03.hiexsp.ae","Windows 11 Pro",,"10.0 (22000)","10.10.30.165","28/12/2022 2:17:27 PM"
"AP-WSCHIACC03","AP-WSCHIACC03.hiexsp.ae","Windows 10 Pro",,"10.0 (19043)","10.10.30.226","29/12/2022 9:39:02 AM"
"ISH-LPIA","ISH-LPIA.hiexsp.ae","Windows 11 Pro",,"10.0 (22621)",,"22/11/2022 8:57:34 AM"
"AP-WSKITCHEN01","AP-WSKITCHEN01.hiexsp.ae","Windows 10 Pro",,"10.0 (19043)",,"16/02/2022 12:16:00 PM"
"SA-WSIT","SA-WSIT.hiexsp.ae","Windows 11 Pro",,"10.0 (22000)",,"20/10/2022 6:01:26 AM"
"ISH-LPCRM","ISH-LPCRM.hiexsp.ae","Windows 10 Pro",,"10.0 (19044)",,"30/06/2022 10:44:29 AM"
"ISH-LPCSM02","ISH-LPCSM02.hiexsp.ae","Windows 10 Pro",,"10.0 (19044)","172.16.100.88","26/12/2022 9:02:52 AM"
"ISH-LPCGSM","ISH-LPCGSM.hiexsp.ae","Windows 10 Pro",,"10.0 (19042)",,"02/11/2021 2:32:43 PM"
"ISH-LPCSM03","ISH-LPCSM03.hiexsp.ae","Windows 10 Pro",,"10.0 (19043)",,"21/09/2022 12:37:57 PM"
"SSC-LPHYGIENE","SSC-LPHYGIENE.hiexsp.ae","Windows 11 Pro",,"10.0 (22000)",,"14/10/2022 1:57:21 PM"
"JUM-WSACCAP02","JUM-WSACCAP02.hiexsp.ae","Windows 10 Pro",,"10.0 (19042)",,"05/12/2021 7:35:38 PM"
"JUM-WSACCCA02","JUM-WSACCCA02.hiexsp.ae","Windows 10 Pro",,"10.0 (19042)",,"04/12/2021 7:07:47 PM"
"ISH-LPCSM04","ISH-LPCSM04.hiexsp.ae","Windows 10 Pro",,"10.0 (19044)","10.10.30.240","20/12/2022 10:11:12 AM"
"ISH-LPCSM05","ISH-LPCSM05.hiexsp.ae","Windows 10 Pro",,"10.0 (19044)","172.16.100.197","29/12/2022 9:28:25 AM"
"SA-WSRP01","SA-WSRP01.hiexsp.ae","Windows 10 Pro",,"10.0 (19044)","10.10.10.217","12/12/2022 4:15:44 AM"
"SA-WSRP02","SA-WSRP02.hiexsp.ae","Windows 10 Pro",,"10.0 (19044)","10.10.10.231","19/12/2022 5:25:30 AM"
"SA-WSRP03","SA-WSRP03.hiexsp.ae","Windows 10 Pro",,"10.0 (19044)",,"04/12/2022 5:54:11 PM"
"HIEXPMSSVRAP001","HIEXPMSSVRAP001.hiexsp.ae","Windows Server 2016 Standard",,"10.0 (14393)","10.10.10.12","26/12/2022 8:14:25 PM"
"HIEXPMSSVRDB001","HIEXPMSSVRDB001.hiexsp.ae","Windows Server 2016 Standard",,"10.0 (14393)","10.10.10.19","20/12/2022 6:19:52 AM"
"HIEXPMSSVRDG001","HIEXPMSSVRDG001.hiexsp.ae","Windows Server 2016 Standard",,"10.0 (14393)","10.10.10.25","28/12/2022 6:15:39 AM"
"AP-WSINCAUD03",,,,,,
"ISH-WSPRO","ISH-WSPRO.hiexsp.ae","Windows 10 Pro",,"10.0 (19044)",,"23/12/2022 11:49:43 AM"
"DESKTOP-QCIPEUU","DESKTOP-QCIPEUU.hiexsp.ae","Windows 10 Pro",,"10.0 (19043)",,"02/02/2022 9:34:41 AM"
"SSC-LPMUCHARM","SSC-LPMUCHARM.hiexsp.ae","Windows 10 Pro",,"10.0 (19045)",,"05/12/2022 4:39:08 PM"
"DIC-WSCA2","DIC-WSCA2.hiexsp.ae","Windows 10 Pro",,"10.0 (19044)",,"25/04/2022 2:05:37 PM"
"SSC-LPSALESMGR1","SSC-LPSALESMGR1.hiexsp.ae","Windows 10 Pro",,"10.0 (19044)","10.10.10.72","23/12/2022 10:35:13 AM"
"SSC-LPEXSEC03","SSC-LPEXSEC03.hiexsp.ae","Windows 10 Pro",,"10.0 (19044)","172.16.100.184","26/12/2022 8:24:47 AM"
"JM-WSHR","JM-WSHR.hiexsp.ae","Windows 10 Pro",,"10.0 (19044)","10.10.20.219","25/12/2022 2:09:26 PM"
"JM-WSNA","JM-WSNA.hiexsp.ae","Windows 10 Pro",,"10.0 (19044)","10.10.20.217","26/12/2022 3:13:38 AM"
"JM-WSIA","JM-WSIA.hiexsp.ae","Windows 10 Pro",,"10.0 (19044)",,"22/03/2022 1:24:27 PM"
"JM-WSCA","JM-WSCA.hiexsp.ae","Windows 10 Pro",,"10.0 (19044)","10.10.20.231","26/12/2022 9:08:14 AM"
"JM-WSAP","JM-WSAP.hiexsp.ae","Windows 10 Pro",,"10.0 (19044)","10.10.20.230","22/12/2022 4:46:15 PM"
"JM-WSAR","JM-WSAR.hiexsp.ae","Windows 11 Pro",,"10.0 (22621)","10.10.20.120","27/12/2022 9:02:17 AM"
"ISH-WSMT","ISH-WSMT.hiexsp.ae","Windows 10 Pro",,"10.0 (19044)",,"10/09/2022 5:56:36 PM"
"ISH-LPRBDD","ISH-LPRBDD.hiexsp.ae","Windows 10 Pro",,"10.0 (19044)","10.10.10.143","15/12/2022 10:25:36 AM"
"DIC-WSHKC","DIC-WSHKC.hiexsp.ae","Windows 10 Pro",,"10.0 (19044)","10.10.1.122","26/12/2022 7:34:23 PM"
"DIC-WSOR","DIC-WSOR.hiexsp.ae","Windows 10 Pro",,"10.0 (19044)",,"08/06/2022 1:52:06 PM"
"DIC-WSBQ","DIC-WSBQ.hiexsp.ae","Windows 10 Pro",,"10.0 (19044)","10.10.1.119","19/12/2022 2:55:05 PM"
"DIC-WSAR","DIC-WSAR.hiexsp.ae","Windows 10 Pro",,"10.0 (19044)","10.10.1.108","22/12/2022 5:42:32 PM"
"HEDXBCPDTCRO09","HEDXBCPDTCRO09.hiexsp.ae","Windows 10 Pro",,"10.0 (19045)","10.10.30.217","22/12/2022 4:31:38 PM"
"SA-WSFORESER","SA-WSFORESER.hiexsp.ae","Windows 10 Pro",,"10.0 (19044)","10.10.10.235","19/12/2022 9:47:46 PM"
"HEDXBCPDTCRO03","HEDXBCPDTCRO03.hiexsp.ae","Windows 10 Pro",,"10.0 (19043)",,"23/08/2022 1:06:06 PM"
"HEDXBCPDTCRO10","HEDXBCPDTCRO10.hiexsp.ae","Windows 10 Pro",,"10.0 (19044)","10.10.1.100","19/12/2022 12:05:40 PM"
"DESKTOP-16R6ONA","DESKTOP-16R6ONA.hiexsp.ae","Windows 10 Pro",,"10.0 (19042)",,"04/08/2022 1:16:17 PM"
"SA-ITADMINLP2","SA-ITADMINLP2.hiexsp.ae","Windows 10 Pro",,"10.0 (19043)",,"09/09/2022 3:16:27 PM"
"AP-LPITM01","AP-LPITM01.hiexsp.ae","Windows 11 Pro",,"10.0 (22000)","10.10.30.242","20/12/2022 4:10:05 PM"
"AP-AIORA09","AP-AIORA09.hiexsp.ae","Windows 10 Pro",,"10.0 (19045)","10.10.30.227","25/12/2022 12:44:09 PM"
"AP-AIOHKM","AP-AIOHKM.hiexsp.ae","Windows 11 Pro",,"10.0 (22000)","10.10.30.176","26/12/2022 7:44:40 AM"
"AP-AIOENGGSUP","AP-AIOENGGSUP.hiexsp.ae","Windows 11 Pro",,"10.0 (22621)","10.10.30.175","24/12/2022 3:20:16 PM"
"AP-AIOFNBMGR","AP-AIOFNBMGR.hiexsp.ae","Windows 11 Pro",,"10.0 (22000)","10.10.30.218","22/12/2022 12:38:14 PM"
"AP-AIOKIT","AP-AIOKIT.hiexsp.ae","Windows 11 Pro",,"10.0 (22000)","10.10.30.174","26/12/2022 2:21:44 PM"
"AP-AIORECP01","AP-AIORECP01.hiexsp.ae","Windows 11 Pro",,"10.0 (22000)",,"26/07/2022 2:17:31 PM"
"AP-AIORECP02","AP-AIORECP02.hiexsp.ae","Windows 11 Pro",,"10.0 (22000)","10.10.30.186","19/12/2022 9:51:19 AM"
"AP-AIORECP03","AP-AIORECP03.hiexsp.ae","Windows 11 Pro",,"10.0 (22000)","10.10.30.159","27/12/2022 5:02:37 AM"
"AP-LAPCE02","AP-LAPCE02.hiexsp.ae","Windows 11 Pro",,"10.0 (22000)","10.10.30.168","25/12/2022 9:06:27 AM"
"DESKTOP-E5S7NQU","DESKTOP-E5S7NQU.hiexsp.ae","Windows 10 Pro",,"10.0 (19045)","10.10.10.153","22/12/2022 1:08:20 AM"
"SA-ITADMINLP","SA-ITADMINLP.hiexsp.ae","Windows 10 Pro",,"10.0 (19045)","10.10.10.182","26/12/2022 8:46:02 AM"
"DIC-AITM","DIC-AITM.hiexsp.ae","Windows 10 Pro",,"10.0 (19045)","10.10.1.125","23/12/2022 4:59:40 PM"
"SA-KITCHEN","SA-KITCHEN.hiexsp.ae","Windows 10 Pro",,"10.0 (19044)","10.10.10.176","28/12/2022 2:52:33 PM"
"SA-WSFOMNGR","SA-WSFOMNGR.hiexsp.ae","Windows 10 Pro",,"10.0 (19045)","10.10.10.99","25/12/2022 1:39:05 AM"
"SA-WSRCP01","SA-WSRCP01.hiexsp.ae","Windows 11 Pro",,"10.0 (22621)","10.10.10.208","24/12/2022 7:56:13 PM"
"SA-WSRCP02","SA-WSRCP02.hiexsp.ae","Windows 11 Pro",,"10.0 (22621)","10.10.10.183","22/12/2022 5:01:42 PM"
"SSC-WSSALESAD","SSC-WSSALESAD.hiexsp.ae","Windows 10 Pro",,"10.0 (15063)","10.10.10.123","29/12/2022 9:24:19 AM"
"SA-WSRCP03","SA-WSRCP03.hiexsp.ae","Windows 11 Pro",,"10.0 (22621)",,"15/12/2022 1:11:38 PM"
"SA-HIEXBCKUP","SA-HIEXBCKUP.hiexsp.ae","Windows 10 Pro",,"10.0 (19044)","10.10.10.194","28/12/2022 4:54:10 PM"
"ISH-LPSALES06","ISH-LPSALES06.hiexsp.ae","Windows 11 Pro",,"10.0 (22621)","172.16.100.166","23/12/2022 4:14:35 PM"
